feature,Bin,WoE,Event rate,Count (%),Feature IV,feature_coeff_model,score_points,rare_categories,feature_type
EXT_SOURCE_3,"(-0.000473, 0.291]",-0.884846,0.17542791204564395,0.1268170140808429,0.3368972639841083,-0.1713264326161835,-4.3741794772139,,numerical
EXT_SOURCE_3,"(0.291, 0.419]",-0.257329,0.10200405314118442,0.12636580924197588,0.3368972639841083,-0.1713264326161835,-1.2720894152112068,,numerical
EXT_SOURCE_3,"(0.419, 0.52]",0.124434,0.0719632473415363,0.12652840558030634,0.3368972639841083,-0.1713264326161835,0.6151315020553119,,numerical
EXT_SOURCE_3,"(0.52, 0.608]",0.428981,0.05409180369500349,0.1280527462521544,0.3368972639841083,-0.1713264326161835,2.120640073317499,,numerical
EXT_SOURCE_3,"(0.608, 0.688]",0.665028,0.043210076940557736,0.1252113752398296,0.3368972639841083,-0.1713264326161835,3.2875232858289523,,numerical
EXT_SOURCE_3,"(0.688, 0.896]",0.912506,0.034059682784553826,0.16863679229943743,0.3368972639841083,-0.1713264326161835,4.510914914046678,,numerical
EXT_SOURCE_3,SPECIAL_-99999,-0.15229697961303548,0.09277737936686815,0.19838785730545347,0.3368972639841083,-0.1713264326161835,-0.7528703555929546,,numerical
EXT_SOURCE_1,"(0.013600000000000001, 0.262]",-0.743845,0.1559551886792453,0.06894084745211537,0.156079739196619,-0.2180077763012375,-4.679063809558975,,numerical
EXT_SOURCE_1,"(0.262, 0.379]",-0.178287,0.09498820754716981,0.06894084745211537,0.156079739196619,-0.2180077763012375,-1.1214920439269482,,numerical
EXT_SOURCE_1,"(0.379, 0.487]",0.066303,0.07594339622641509,0.06894084745211537,0.156079739196619,-0.2180077763012375,0.41707071737416895,,numerical
EXT_SOURCE_1,"(0.487, 0.594]",0.330189,0.059375,0.06894084745211537,0.156079739196619,-0.2180077763012375,2.077012549945847,,numerical
EXT_SOURCE_1,"(0.594, 0.703]",0.561394,0.04770328439176838,0.06893678254365712,0.156079739196619,-0.2180077763012375,3.5313786451526203,,numerical
EXT_SOURCE_1,"(0.703, 0.952]",1.033664,0.030290970195454143,0.091923839875126,0.156079739196619,-0.2180077763012375,6.502133930649487,,numerical
EXT_SOURCE_1,SPECIAL_-99999,-0.059398603362752926,0.08524838558389553,0.5633759877727553,0.156079739196619,-0.2180077763012375,-0.3736394750694099,,numerical
YEARS_EMPLOYED,"(-0.001, 2.1]",-0.36846,0.11264322402212565,0.20576566615719813,0.1144350509211557,-0.41017788496804,-4.360809586594098,,numerical
YEARS_EMPLOYED,"(2.1, 5.12]",-0.224733,0.0990567598874731,0.24564241813274365,0.1144350509211557,-0.41017788496804,-2.6597671954189104,,numerical
YEARS_EMPLOYED,"(5.12, 6.73]",0.01469,0.07964557964557964,0.08211928067379923,0.1144350509211557,-0.41017788496804,0.17385955823445506,,numerical
YEARS_EMPLOYED,"(6.73, 12.0]",0.190672,0.0676630232731058,0.16400686156547756,0.1144350509211557,-0.41017788496804,2.2566473579087827,,numerical
YEARS_EMPLOYED,"(12.0, 49.07]",0.547508,0.04833806912046521,0.12302851939774316,0.1144350509211557,-0.41017788496804,6.479884207612663,,numerical
YEARS_EMPLOYED,SPECIAL_-99999,0.4368782490848073,0.0536891466370659,0.1794372540730383,0.1144350509211557,-0.41017788496804,5.170555438265952,,numerical
AMT_GOODS_PRICE,"(40499.999, 450000.0]",-0.172289,0.09447384264393675,0.5131377841371012,0.1026688648986372,-0.2165823004953438,-1.0766760369680304,,numerical
AMT_GOODS_PRICE,"(450000.0, 675000.0]",0.047508,0.07727289198101243,0.22435855744528632,0.1026688648986372,-0.2165823004953438,0.29688909427924703,,numerical
AMT_GOODS_PRICE,"(675000.0, 900000.0]",0.269344,0.06286568716681835,0.1250528438099574,0.1026688648986372,-0.2165823004953438,1.6831964344857604,,numerical
AMT_GOODS_PRICE,"(900000.0, 4050000.0]",0.488179,0.05114160688238621,0.13655246983837924,0.1026688648986372,-0.2165823004953438,3.0507497927959193,,numerical
AMT_GOODS_PRICE,SPECIAL_-99999,0.052424656208098164,0.07692307692307693,0.0008983447692757959,0.1026688648986372,-0.2165823004953438,0.32761447965654567,,numerical
IP_WORST_DPD_720D,"(-0.001, 1.0]",0.070145,0.07567422514423722,0.21207033917596177,0.0911862648629499,-0.3814602872253891,0.7720591700541687,,numerical
IP_WORST_DPD_720D,"(1.0, 3.0]",-0.153614,0.09288832403160745,0.07356264836915873,0.0911862648629499,-0.3814602872253891,-1.6907705089272373,,numerical
IP_WORST_DPD_720D,"(3.0, 7.0]",-0.278114,0.10392374196408778,0.09168401027608858,0.0911862648629499,-0.3814602872253891,-3.061094361970847,,numerical
IP_WORST_DPD_720D,"(7.0, 705.0]",-0.728257,0.15391426636804,0.07804217749016293,0.0911862648629499,-0.3814602872253891,-8.015646090329158,,numerical
IP_WORST_DPD_720D,SPECIAL_-66666,0.18163323800740327,0.06823549437222069,0.19104663262983318,0.0911862648629499,-0.3814602872253891,1.9991675385308585,,numerical
IP_WORST_DPD_720D,SPECIAL_-99999,0.2203539595918986,0.06581443204156943,0.35359419205879483,0.0911862648629499,-0.3814602872253891,2.425351702340453,,numerical
YEARS_AGE,"(20.519, 30.44]",-0.388951,0.11470769864141622,0.15797860232187572,0.0888990634667984,0.1353713528834874,1.5192393347932471,,numerical
YEARS_AGE,"(30.44, 36.56]",-0.246382,0.10100568430257979,0.15803957594874962,0.0888990634667984,0.1353713528834874,0.9623660198457642,,numerical
YEARS_AGE,"(36.56, 42.14]",-0.049723,0.08449688288938122,0.1577916165327957,0.0888990634667984,0.1353713528834874,0.1942176198130989,,numerical
YEARS_AGE,"(42.14, 48.56]",0.078951,0.07506053268765134,0.15780787616662872,0.0888990634667984,0.1353713528834874,-0.3083819419959369,,numerical
YEARS_AGE,"(48.56, 55.58]",0.201598,0.06697703130224543,0.15803957594874962,0.0888990634667984,0.1353713528834874,-0.7874400924940392,,numerical
YEARS_AGE,"(55.58, 63.4]",0.424948,0.05429852592516236,0.15773470781438,0.0888990634667984,0.1353713528834874,-1.659843314046553,,numerical
YEARS_AGE,"(63.4, 69.12]",0.645073,0.0440426518312471,0.05260804526682059,0.0888990634667984,0.1353713528834874,-2.519649712722385,,numerical
GOODS_CREDIT_RATIO,"(0.166, 0.783]",-0.4874,0.12509064539521392,0.10089915775096744,0.0765273648506301,-0.4378684640014598,-6.15791552904844,,numerical
GOODS_CREDIT_RATIO,"(0.783, 0.835]",-0.225282,0.09910574935673008,0.1927335696400117,0.0765273648506301,-0.4378684640014598,-2.8462608252258734,,numerical
GOODS_CREDIT_RATIO,"(0.835, 0.873]",-0.074442,0.08642880715778666,0.1108541185652499,0.0765273648506301,-0.4378684640014598,-0.9405161013816659,,numerical
GOODS_CREDIT_RATIO,"(0.873, 0.904]",0.140618,0.0708898534997287,0.14983252577151962,0.0765273648506301,-0.4378684640014598,1.7765977961914927,,numerical
GOODS_CREDIT_RATIO,"(0.904, 6.667]",0.240207,0.06460427709742278,0.4447822835029755,0.0765273648506301,-0.4378684640014598,3.0348264577064805,,numerical
GOODS_CREDIT_RATIO,SPECIAL_-88888,0.052424656208098164,0.07692307692307693,0.0008983447692757959,0.0765273648506301,-0.4378684640014598,0.6623442851228424,,numerical
B_DEBT_TO_CREDIT_RATIO,"(-175.29, 0.0]",0.413685,0.05487979393245564,0.227244642450652,0.1035488667562584,-0.3013221434394269,3.596709455213864,,numerical
B_DEBT_TO_CREDIT_RATIO,"(0.0, 0.224]",0.279157,0.06229003662844882,0.18755081135572826,0.1035488667562584,-0.3013221434394269,2.4270800763603626,,numerical
B_DEBT_TO_CREDIT_RATIO,"(0.224, 0.378]",0.103558,0.07336992029269568,0.12443497772430165,0.1035488667562584,-0.3013221434394269,0.900366311959673,,numerical
B_DEBT_TO_CREDIT_RATIO,"(0.378, 0.558]",-0.111979,0.08943912716819652,0.12443904263275991,0.1035488667562584,-0.3013221434394269,-0.9735811742881497,,numerical
B_DEBT_TO_CREDIT_RATIO,"(0.558, 0.733]",-0.321115,0.1079968639749118,0.0829566518162011,0.1035488667562584,-0.3013221434394269,-2.7918763230743195,,numerical
B_DEBT_TO_CREDIT_RATIO,"(0.733, 5.843]",-0.555497,0.13273555784212848,0.08296071672465936,0.1035488667562584,-0.3013221434394269,-4.829668255418824,,numerical
B_DEBT_TO_CREDIT_RATIO,SPECIAL_-77777,0.0,0.0,4.0649084582615195e-06,0.1035488667562584,-0.3013221434394269,0.0,,numerical
B_DEBT_TO_CREDIT_RATIO,SPECIAL_-88888,0.21439995970716286,0.06618144888287068,0.02401547917140906,0.1035488667562584,-0.3013221434394269,1.8640616949520146,,numerical
B_DEBT_TO_CREDIT_RATIO,SPECIAL_-99999,-0.24405016819166134,0.10079413561392792,0.1463936132158304,0.1035488667562584,-0.3013221434394269,-2.1218500730785066,,numerical
B_NUM_ACTIVE_CREDIT_720D,"(-0.001, 1.0]",0.24132752034399926,0.06453660017106752,0.4419734317583168,0.0684442337401039,-0.4009581482161843,2.7919679509499273,,numerical
B_NUM_ACTIVE_CREDIT_720D,"(1.0, 2.0]",-0.04984543178020653,0.08450636444572776,0.1689335306168905,0.0684442337401039,-0.4009581482161843,-0.5766721003606338,,numerical
B_NUM_ACTIVE_CREDIT_720D,"(2.0, 3.0]",-0.26531660947597463,0.10273804256992577,0.0826924327664141,0.0684442337401039,-0.4009581482161843,-3.0695026802401664,,numerical
B_NUM_ACTIVE_CREDIT_720D,"(3.0, 22.0]",-0.645265,0.14341432225063938,0.06357516828721017,0.0684442337401039,-0.4009581482161843,-7.46520412301788,,numerical
B_NUM_ACTIVE_CREDIT_720D,SPECIAL_-99999,-0.03894339072383094,0.08366673920685672,0.24282543657116842,0.0684442337401039,-0.4009581482161843,-0.4505441345739178,,numerical
AMT_CREDIT,"(44999.999, 142200.0]",0.297684,0.06121661262930369,0.05265682416831973,0.0553060741589143,-1.7730592343799687,15.229416779875946,,numerical
AMT_CREDIT,"(142200.0, 180000.0]",0.10818,0.0730563493808163,0.055473805729894965,0.0553060741589143,-1.7730592343799687,5.5344536731802165,,numerical
AMT_CREDIT,"(180000.0, 277969.5]",0.052623,0.07690897664187703,0.15523072420409093,0.0553060741589143,-1.7730592343799687,2.692175592935502,,numerical
AMT_CREDIT,"(277969.5, 4050000.0]",-0.036854,0.08350669631771503,0.7366386458976943,0.0553060741589143,-1.7730592343799687,-1.8854386732425932,,numerical
REGION_RATING_CLIENT_W_CITY,1,0.5401663351895767,0.048676938842733226,0.1110654938050795,0.0515715290951491,-0.4330803284052364,6.749949228629186,,numerical
REGION_RATING_CLIENT_W_CITY,2,0.023166327966114383,0.0790264783086994,0.7464066209228968,0.0515715290951491,-0.4330803284052364,0.2894877510834961,,numerical
REGION_RATING_CLIENT_W_CITY,3,-0.38810955605507386,0.11462225137609446,0.14252788527202367,0.0515715290951491,-0.4330803284052364,-4.849839073362737,,numerical
CB_AVG_ATM_WITHDRAWAL_FREQ_6M,"(-0.001, 0.167]",0.022621,0.07906619838857244,0.1377312932912751,0.0469709258597127,-0.4164341123842663,0.27180824853488117,,numerical
CB_AVG_ATM_WITHDRAWAL_FREQ_6M,"(0.167, 35.0]",-0.700263,0.150303911205074,0.06152645442424637,0.0469709258597127,-0.4164341123842663,-8.414184144988353,,numerical
CB_AVG_ATM_WITHDRAWAL_FREQ_6M,SPECIAL_-99999,0.07021681703699467,0.07566919980303469,0.8007422522844786,0.0469709258597127,-0.4164341123842663,0.8437076193147839,,numerical
FLAG_DOCUMENT_3,0,0.287126941955196,0.06182614555256065,0.2895515592988846,0.028519783333364,-0.3527248311533119,2.9222308035329183,,numerical
FLAG_DOCUMENT_3,1,-0.09956451273662088,0.08843319448894585,0.7104484407011155,0.028519783333364,-0.3527248311533119,-1.0133165633167918,,numerical
EXT_SOURCE_WEIGHTED,"(-0.0009885, 0.35]",-1.08783,0.20674602098641576,0.14991788884914312,0.6261018605703771,-0.6601870193739684,-20.722041881651272,,numerical
EXT_SOURCE_WEIGHTED,"(0.35, 0.44]",-0.379728,0.11377440347071584,0.14991382394068486,0.6261018605703771,-0.6601870193739684,-7.233427575665015,,numerical
EXT_SOURCE_WEIGHTED,"(0.44, 0.525]",0.122219,0.07211127831781022,0.19988780852655197,0.6261018605703771,-0.6601870193739684,2.328146159541046,,numerical
EXT_SOURCE_WEIGHTED,"(0.525, 0.583]",0.498341,0.05065075921908894,0.14991382394068486,0.6261018605703771,-0.6601870193739684,9.492883146579866,,numerical
EXT_SOURCE_WEIGHTED,"(0.583, 0.644]",0.81121,0.03755422993492408,0.14991382394068486,0.6261018605703771,-0.6601870193739684,15.452715584985087,,numerical
EXT_SOURCE_WEIGHTED,"(0.644, 0.879]",1.232207,0.024972546467645504,0.19988780852655197,0.6261018605703771,-0.6601870193739684,23.472275135695714,,numerical
EXT_SOURCE_WEIGHTED,SPECIAL_-99999,-0.07320155690931117,0.08633093525179857,0.0005650222756983513,0.6261018605703771,-0.6601870193739684,-1.394414318484345,,numerical
PA_RATIO_APPROVED_LOANS,"(-0.001, 0.4]",-0.731336,0.15431567415290712,0.051945465188123964,0.0785723752441566,-0.4199526782529689,-8.861797912954279,,numerical
PA_RATIO_APPROVED_LOANS,"(0.4, 0.5]",-0.4635,0.12249825274795095,0.06397759422457806,0.0785723752441566,-0.4199526782529689,-5.616356001419741,,numerical
PA_RATIO_APPROVED_LOANS,"(0.5, 0.667]",-0.225834,0.09915511676476173,0.0856394913986537,0.0785723752441566,-0.4199526782529689,-2.7364922140768626,,numerical
PA_RATIO_APPROVED_LOANS,"(0.667, 0.833]",0.034688,0.07819198889387939,0.09955367305128289,0.0785723752441566,-0.4199526782529689,0.4203239632734584,,numerical
PA_RATIO_APPROVED_LOANS,"(0.833, 1.0]",0.148793,0.07035328128057364,0.6439993821339144,0.0785723752441566,-0.4199526782529689,1.8029653905485385,,numerical
PA_RATIO_APPROVED_LOANS,SPECIAL_-99999,0.3192109114566996,0.05999111242778848,0.054884394003447044,0.0785723752441566,-0.4199526782529689,3.8679657352286956,,numerical
PA_AVG_RISK_WEIGHT_1080D,"(0.999, 2.25]",0.333331,0.059199803179875145,0.2643572566745797,0.0780070323919673,-0.2941703546081865,2.829300939886641,,numerical
PA_AVG_RISK_WEIGHT_1080D,"(2.25, 2.667]",0.11122,0.07285073434523444,0.13229651068257942,0.0780070323919673,-0.2941703546081865,0.9440311598206954,,numerical
PA_AVG_RISK_WEIGHT_1080D,"(2.667, 3.0]",-0.049426,0.08447391270029204,0.25749162628857597,0.0780070323919673,-0.2941703546081865,-0.4195260214466615,,numerical
PA_AVG_RISK_WEIGHT_1080D,"(3.0, 3.5]",-0.415359,0.11741682974559686,0.06854655133166401,0.0780070323919673,-0.2941703546081865,-3.525551506131669,,numerical
PA_AVG_RISK_WEIGHT_1080D,"(3.5, 4.0]",-0.517557,0.12842861863846664,0.09840330395759488,0.0780070323919673,-0.2941703546081865,-4.393004270664626,,numerical
PA_AVG_RISK_WEIGHT_1080D,SPECIAL_-99999,0.11368040356286724,0.07268472234845043,0.17890475106500603,0.0780070323919673,-0.2941703546081865,0.9649149723461452,,numerical
PA_RATIO_CREDIT_APPLICATION_Cash,"(0.999, 1.069]",0.281963,0.06212637577518297,0.1455155929888459,0.0456976975651897,-0.2839364873622465,2.310031290077428,,numerical
PA_RATIO_CREDIT_APPLICATION_Cash,"(1.069, 1.12]",0.104962,0.07327456172694667,0.12126841403531592,0.0456976975651897,-0.2839364873622465,0.8599195790550781,,numerical
PA_RATIO_CREDIT_APPLICATION_Cash,"(1.12, 1.152]",-0.107318,0.08906023019331769,0.07275373158596468,0.0456976975651897,-0.2839364873622465,-0.8792215219320599,,numerical
PA_RATIO_CREDIT_APPLICATION_Cash,"(1.152, 1.205]",-0.272561,0.10340782122905028,0.07276186140288121,0.0456976975651897,-0.2839364873622465,-2.233003757424888,,numerical
PA_RATIO_CREDIT_APPLICATION_Cash,"(1.205, 1.66]",-0.477731,0.124036205162588,0.07275373158596468,0.0456976975651897,-0.2839364873622465,-3.913894937420795,,numerical
PA_RATIO_CREDIT_APPLICATION_Cash,SPECIAL_-99999,0.0479520561849303,0.07724125954168344,0.5149466684010277,0.0456976975651897,-0.2839364873622465,0.39285562364827953,,numerical
PA_RATIO_CREDIT_APPLICATION_POS,"(0.0906, 0.9]",0.244375,0.064352856109906,0.19114012552437318,0.0430795441077549,-0.4308270340038728,3.0378355243296333,,numerical
PA_RATIO_CREDIT_APPLICATION_POS,"(0.9, 0.944]",0.157785,0.06976744186046512,0.08407450164222302,0.0430795441077549,-0.4308270340038728,1.9614317266756058,,numerical
PA_RATIO_CREDIT_APPLICATION_POS,"(0.944, 1.022]",0.061267,0.07629759100235581,0.32094078241358004,0.0430795441077549,-0.4308270340038728,0.761612558850552,,numerical
PA_RATIO_CREDIT_APPLICATION_POS,"(1.022, 1.059]",-0.037918,0.0835881753312946,0.09171652954375467,0.0430795441077549,-0.4308270340038728,-0.4713601940113802,,numerical
PA_RATIO_CREDIT_APPLICATION_POS,"(1.059, 1.106]",-0.176946,0.09487304471130412,0.09173278917758772,0.0430795441077549,-0.4308270340038728,-2.1996228938640665,,numerical
PA_RATIO_CREDIT_APPLICATION_POS,"(1.106, 1.552]",-0.46867,0.12305509996010461,0.09170026990992163,0.0430795441077549,-0.4308270340038728,-5.8260557552432495,,numerical
PA_RATIO_CREDIT_APPLICATION_POS,SPECIAL_-99999,-0.00344982495363795,0.08098547062539482,0.12869500178855972,0.0430795441077549,-0.4308270340038728,-0.04288491374682433,,numerical
PA_AVG_AMT_ANNUITY_POS,"(579.779, 3436.335]",-0.357618,0.11156402303943287,0.04587249195148125,0.036943410528995,-0.6779350387321771,-6.995390863033501,,numerical
PA_AVG_AMT_ANNUITY_POS,"(3436.335, 5434.404]",-0.219364,0.09857864720309684,0.1375605671360281,0.036943410528995,-0.6779350387321771,-4.290994640310279,,numerical
PA_AVG_AMT_ANNUITY_POS,"(5434.404, 7588.189]",-0.075512,0.08651331826441519,0.18343305908750934,0.036943410528995,-0.6779350387321771,-1.4770955456643282,,numerical
PA_AVG_AMT_ANNUITY_POS,"(7588.189, 8817.594]",-0.044841,0.08412001950095288,0.09171652954375467,0.036943410528995,-0.6779350387321771,-0.8771379563928137,,numerical
PA_AVG_AMT_ANNUITY_POS,"(8817.594, 12110.925]",0.074843,0.07534626038781163,0.1834289941790511,0.036943410528995,-0.6779350387321771,1.4640091895878182,,numerical
PA_AVG_AMT_ANNUITY_POS,"(12110.925, 17434.324]",0.193982,0.06745457231496528,0.13757682676986113,0.036943410528995,-0.6779350387321771,3.794495552217631,,numerical
PA_AVG_AMT_ANNUITY_POS,"(17434.324, 393868.66]",0.432862,0.0538935425253734,0.09171652954375467,0.036943410528995,-0.6779350387321771,8.467244041839079,,numerical
PA_AVG_AMT_ANNUITY_POS,SPECIAL_-99999,-0.00344982495363795,0.08098547062539482,0.12869500178855972,0.036943410528995,-0.6779350387321771,-0.06748226867703497,,numerical
B_CREDIT_DURATION_MIN,"(-41790.001, 348.0]",0.103908,0.07334613991071856,0.5946107443660369,0.0339473846537755,-0.378199476034307,1.1338991849906017,,numerical
B_CREDIT_DURATION_MIN,"(348.0, 1094.0]",-0.050098,0.08452591777150242,0.16985626483691588,0.0339473846537755,-0.378199476034307,-0.5466959364982404,,numerical
B_CREDIT_DURATION_MIN,"(1094.0, 33929.0]",-0.095443,0.0881015082595164,0.08489561315079185,0.0339473846537755,-0.378199476034307,-1.0415246170945258,,numerical
B_CREDIT_DURATION_MIN,SPECIAL_-99999,-0.25110759165648544,0.10143558745749906,0.1506373776462554,0.0339473846537755,-0.378199476034307,-2.7402191700758523,,numerical
IP_RATIO_LATE_PAYMENTS_2160D,"(-0.001, 0.0241]",0.21805141355667443,0.0659561408403549,0.5099305713635329,0.0725763358834479,-0.3760913276016184,2.366228931168451,,numerical
IP_RATIO_LATE_PAYMENTS_2160D,"(0.0241, 0.0778]",0.001144,0.08064421840289956,0.13906864817404313,0.0725763358834479,-0.3760913276016184,0.01241434693361037,,numerical
IP_RATIO_LATE_PAYMENTS_2160D,"(0.0778, 0.135]",-0.215248,0.09821350380944041,0.09283437936977659,0.0725763358834479,-0.3760913276016184,-2.335807123046997,,numerical
IP_RATIO_LATE_PAYMENTS_2160D,"(0.135, 0.231]",-0.318651,0.10775974307785782,0.09366362069526195,0.0725763358834479,-0.3760913276016184,-3.457905650998145,,numerical
IP_RATIO_LATE_PAYMENTS_2160D,"(0.231, 1.0]",-0.515885,0.12824156305506218,0.09154173848004943,0.0725763358834479,-0.3760913276016184,-5.598230216648239,,numerical
IP_RATIO_LATE_PAYMENTS_2160D,SPECIAL_-99999,0.19198346434069702,0.06758036659423923,0.07296104191733602,0.0725763358834479,-0.3760913276016184,2.0833473180435553,,numerical
IP_NUM_COMPLETED_LOANS,"(-0.001, 1.0]",-0.221884190913024,0.09880283156360609,0.39047510650060163,0.0448024240656658,-0.5294851243498595,-3.389882602478251,,numerical
IP_NUM_COMPLETED_LOANS,"(1.0, 2.0]",0.04735679244188146,0.07728369767159203,0.23411027283665573,0.0448024240656658,-0.5294851243498595,0.7235034012442776,,numerical
IP_NUM_COMPLETED_LOANS,"(2.0, 3.0]",0.15481825981701217,0.06996024025040183,0.1441538486553283,0.0448024240656658,-0.5294851243498595,2.365268671643979,,numerical
IP_NUM_COMPLETED_LOANS,"(3.0, 4.0]",0.2711103530178758,0.0627617123996256,0.08251357679425059,0.0448024240656658,-0.5294851243498595,4.141945693676229,,numerical
IP_NUM_COMPLETED_LOANS,"(4.0, 26.0]",0.341841,0.05872756933115824,0.09717976651165816,0.0448024240656658,-0.5294851243498595,5.222548095677552,,numerical
IP_NUM_COMPLETED_LOANS,SPECIAL_-99999,0.32207624560313697,0.059829733564559354,0.051567428701505644,0.0448024240656658,-0.5294851243498595,4.920587884828439,,numerical
CB_WT_CREDIT_UTIL_TREND_3M_12M,"(-1.0119999999999998, 0.0]",0.178671,0.06842408527801787,0.14109297258625736,0.0468654171481113,-0.2954989927219323,1.5234023021191336,,numerical
CB_WT_CREDIT_UTIL_TREND_3M_12M,"(0.0, 1.679]",-0.597581,0.13765546738702233,0.07222935839484895,0.0468654171481113,-0.2954989927219323,-5.095154060270855,,numerical
CB_WT_CREDIT_UTIL_TREND_3M_12M,SPECIAL_-99999,0.04140375671203823,0.07770928387993531,0.7866776690188937,0.0468654171481113,-0.2954989927219323,0.35302079403764214,,numerical
ORG_GROUP,ORG_OTHER,0.3220115722890921,0.0598333715508675,0.2659059867971773,0.0578841611129301,-0.3291854089112356,3.058557087760307,,categorical
ORG_GROUP,ORG_PRIVATE,-0.1182340553340496,0.0899498071742795,0.4195066827095053,0.0578841611129301,-0.3291854089112356,-1.123020534280505,,categorical
ORG_GROUP,ORG_STABLE,0.2724406232426624,0.0626835078389008,0.1467513251601574,0.0578841611129301,-0.3291854089112356,2.587718178229295,,categorical
ORG_GROUP,ORG_UNSTABLE,-0.306173130880192,0.1065659134394148,0.1678360053331599,0.0578841611129301,-0.3291854089112356,-2.9081190867720155,,categorical
ORG_GROUP,RARE,0.0,0.0,0.0,0.0578841611129301,-0.3291854089112356,0.0,,categorical
NAME_EDUCATION_TYPE,Higher education,0.4333941927553753,0.0538664352701665,0.2435937042697798,0.0488897996229103,-0.5177477422844956,6.474494050081512,,categorical
NAME_EDUCATION_TYPE,Lower secondary,-0.3493160528090838,0.1107438016528925,0.012296348086241,0.0488897996229103,-0.5177477422844956,-5.218447185763131,,categorical
NAME_EDUCATION_TYPE,MISSING,-0.1085250656437003,0.0891581982971711,0.7104159214334493,0.0488897996229103,-0.5177477422844956,-1.6212605141930077,,categorical
NAME_EDUCATION_TYPE,Secondary,-0.0722879278121698,0.0862588973338159,0.0336940262105297,0.0488897996229103,-0.5177477422844956,-1.0799123900047007,,categorical
NAME_EDUCATION_TYPE,RARE,0.0,0.0,0.0,0.0488897996229103,-0.5177477422844956,0.0,,categorical
CODE_GENDER,F,0.1540261303364477,0.0700117983531722,0.6580558355825826,0.0384206609162312,-0.5768024306732876,2.563456906612355,,categorical
CODE_GENDER,M,-0.2502386256169848,0.1013564117500208,0.3419360346005008,0.0384206609162312,-0.5768024306732876,-4.16472147769883,,categorical
CODE_GENDER,RARE,0.0,0.0,8.129816916523039e-06,0.0384206609162312,-0.5768024306732876,0.0,Missing,categorical
OCCUPATION_GROUP,LOW_SKILL,-0.3225016647059464,0.1081305637982195,0.3082216838476797,0.0746108238641635,-0.1748466530003,-1.6270234732919926,,categorical
OCCUPATION_GROUP,MANAGERS,0.2800693404030993,0.0622367805334581,0.0694936750024389,0.0746108238641635,-0.1748466530003,1.4129520584048199,,categorical
OCCUPATION_GROUP,MISSING,0.234982532534962,0.0649207174421627,0.3127540567786413,0.0746108238641635,-0.1748466530003,1.1854887527373845,,categorical
OCCUPATION_GROUP,SERVICE,-0.1602313439525633,0.0934473740015551,0.1150125199180514,0.0746108238641635,-0.1748466530003,-0.8083684095263419,,categorical
OCCUPATION_GROUP,SKILLED_PRO,0.2873310721042618,0.0618143063130838,0.1945180644531885,0.0746108238641635,-0.1748466530003,1.4495875528147877,,categorical
OCCUPATION_GROUP,RARE,0.0,0.0,0.0,0.0746108238641635,-0.1748466530003,0.0,,categorical
NAME_FAMILY_STATUS,Civil marriage,-0.2370293089016178,0.100159583403326,0.0967936002081233,0.0233339628193349,-0.356423032935238,-2.4376555958868744,,categorical
NAME_FAMILY_STATUS,Married,0.0749244136002091,0.0753405916527206,0.6388125589411726,0.0233339628193349,-0.356423032935238,0.7705372678485914,,categorical
NAME_FAMILY_STATUS,RARE,0.0,0.0,8.129816916523039e-06,0.0233339628193349,-0.356423032935238,0.0,Missing,categorical
NAME_FAMILY_STATUS,Separated,0.0117536164771701,0.0798611111111111,0.0643881499788624,0.0233339628193349,-0.356423032935238,0.12087648194331092,,categorical
NAME_FAMILY_STATUS,Single,-0.2291612373323337,0.0994526802167276,0.1477960066339306,0.0233339628193349,-0.356423032935238,-2.356738814841605,,categorical
NAME_FAMILY_STATUS,Widow,0.3420941423647172,0.058713596013082,0.0522015544209944,0.0233339628193349,-0.356423032935238,3.5181628142096075,,categorical
NAME_INCOME_TYPE,Commercial associate,0.0666778541820636,0.075917098807466,0.232809502130012,0.0559164100064915,0.1148517744161998,-0.22096518840019552,,categorical
NAME_INCOME_TYPE,Pensioner,0.4388944220714597,0.0535868038247156,0.1794006698969139,0.0559164100064915,0.1148517744161998,-1.4544617527134345,,categorical
NAME_INCOME_TYPE,RARE,-0.4865718445245889,0.125,0.0001625963383304,0.0559164100064915,0.1148517744161998,1.6124609979504736,"Unemployed, Student, Businessman, Maternity leave",categorical
NAME_INCOME_TYPE,State servant,0.3467981582139455,0.0584541614339536,0.0712090663718253,0.0559164100064915,0.1148517744161998,-1.1492619447132553,,categorical
NAME_INCOME_TYPE,Working,-0.1828942024104077,0.0953850271168029,0.5164181652629183,0.0559164100064915,0.1148517744161998,0.6060970675896532,,categorical
