score_decile,count,bad_count,non_calibration,non_calibration_avg_pd_pct,good_count,pd_model_pct,observed_dr_pct,bad_capture_rate_cumsum
"(608.2090000000001, 684.86]",24602,6521,0.8000688182994907,80.01,18081,26.94,26.51,32.83
"(684.86, 699.0]",24618,3846,0.6694232944404189,66.94,20772,15.12,15.62,52.2
"(699.0, 709.44]",24585,2653,0.5725864003346893,57.26,21932,10.55,10.79,65.56
"(709.44, 718.35]",24615,1934,0.4903330299835918,49.03,22681,7.83,7.86,75.3
"(718.35, 726.4]",24601,1515,0.4178042804003415,41.78,23086,5.97,6.16,82.93
"(726.4, 733.99]",24586,1119,0.3543863514111221,35.44,23467,4.65,4.55,88.56
"(733.99, 741.74]",24606,856,0.2966298624944167,29.66,23750,3.62,3.48,92.87
"(741.74, 750.29]",24600,646,0.24182518774090644,24.18,23954,2.77,2.63,96.12
"(750.29, 760.95]",24603,465,0.18728938711732984,18.73,24138,2.03,1.89,98.46
"(760.95, 813.33]",24592,305,0.12179928389510396,12.18,24287,1.24,1.24,100.0
